schedule,seconds,stddev,runs,threads
static,0.2641966,0.0422206736385019,10,4
dynamic,0.6066041,0.025372427468721936,10,4
guided,0.2663732,0.0697862670298072,10,4
